No,data_time,
1,20241108_115004
2,20241108_115009
3,20241108_115127
4,20241108_115130
5,20241108_115217
6,20241108_115235
7,20241108_115245
8,20241108_115249
9,20241108_115250
10,20241108_115308
11,20241108_115312
12,20241108_115318
13,20241108_115325
14,20241108_115328
15,20241108_115332
16,20241108_115334
17,20241108_115339
18,20241108_115344
19,20241108_115346
20,20241108_115348
21,20241108_115350
22,20241108_115352
23,20241108_115354
24,20241108_115415
25,20241108_115424
26,20241108_115433
27,20241108_115439
28,20241108_115945
29,20241108_115946
30,20241108_120044
31,20241108_120111
32,20241108_120128
33,20241108_120130
34,20241108_120133
35,20241108_120137
36,20241108_120140
37,20241108_120300
38,20241109_014558
39,20241109_014601
40,20241109_014726
41,20241109_014732
42,20241109_014818
43,20241109_014837
44,20241109_014849
45,20241109_014852
46,20241109_014856
47,20241109_014914
48,20241109_014919
49,20241109_014927
50,20241109_014935
51,20241109_014939
52,20241109_014943
53,20241109_014946
54,20241109_014951
55,20241109_014955
56,20241109_014958
57,20241109_015000
58,20241109_015001
59,20241109_015004
60,20241109_015005
61,20241109_015023
62,20241109_015038
63,20241109_015050
64,20241109_015057
65,20241109_015619
66,20241109_015622
67,20241109_015730
68,20241109_015758
69,20241109_015814
70,20241109_015818
71,20241109_015822
72,20241109_015826
73,20241109_015829
